{
  "swagger": "2.0",
  "info": {
    "description": "This is a Akr Erp NodeJS API project",
    "version": "1.0.0",
    "title": "ERP API",
    "contact": {
      "email": "erp@akrind.com"
    }
  },
  "schemes": ["http"],
  "host": "localhost:5000",
  "basePath": "/api",
  "paths": {
    "/accounts/getbatchDetails": {
      "get": {
        "summary": "Get all batch details",
        "description": "Get all batch details",
        "produces": ["application/json"],
        "parameters": [],
        "responses": {
          "200": {
            "description": "successfully fetched",
            "schema": {
              "type": "object",
              "properties": {
                "$ref": "#/definitions/batchdetailsResponse"
              }
            }
          },
          "400": {
            "description": "Invalid status value",
            "schema": {
              "$ref": "#/definitions/InvalidResponse"
            }
          }
        }
      }
    }
  },
  "definitions": {
    "batchdetailsResponse": {
      "type": "array",
      "items": {},
      "messege": {
        "type": "string"
      }
    }
  },
  "Task": {
    "type": "object",
    "properties": {
      "task": {
        "type": "string"
      },
      "assignee": {
        "type": "string"
      },
      "status": {
        "type": "string"
      }
    }
  },
  "InvalidResponse": {
    "type": "object",
    "properties": {
      "statusCode": {
        "type": "string"
      },
      "message": {
        "type": "string"
      }
    }
  }
}
