{
    "keep": {
        "days": true,
        "amount": 14
    },
    "auditLog": "E:\\git_repo\\AKR_ERP_SERVER\\logs\\.2597bd73abe3c3a7de11a7edf44052a6bb2958fb-audit.json",
    "files": [
        {
            "date": 1662016489750,
            "name": "E:\\git_repo\\AKR_ERP_SERVER\\logs\\2022-09-01-12.log",
            "hash": "9e17aa25644ecce6641b3c95ebdbb4c2"
        },
        {
            "date": 1662526699218,
            "name": "E:\\git_repo\\AKR_ERP_SERVER\\logs\\2022-09-07-10.log",
            "hash": "2692949a9318db348b6f56f55e4c3c08"
        },
        {
            "date": 1662529274932,
            "name": "E:\\git_repo\\AKR_ERP_SERVER\\logs\\2022-09-07-11.log",
            "hash": "ae506d020bb3e5db9345f5f2c9607489"
        },
        {
            "date": 1662532662212,
            "name": "E:\\git_repo\\AKR_ERP_SERVER\\logs\\2022-09-07-12.log",
            "hash": "d383260eda019c4696d8893a543c088a"
        },
        {
            "date": 1662535801130,
            "name": "E:\\git_repo\\AKR_ERP_SERVER\\logs\\2022-09-07-13.log",
            "hash": "138a9325436bb250e4aa47c2055086af"
        },
        {
            "date": 1662539400117,
            "name": "E:\\git_repo\\AKR_ERP_SERVER\\logs\\2022-09-07-14.log",
            "hash": "40a3d15134fcd8483e8d6f13b4d58f00"
        },
        {
            "date": 1662550928788,
            "name": "E:\\git_repo\\AKR_ERP_SERVER\\logs\\2022-09-07-17.log",
            "hash": "fd4a02a17a4b2018c5a3d52135622698"
        },
        {
            "date": 1662709331999,
            "name": "E:\\git_repo\\AKR_ERP_SERVER\\logs\\2022-09-09-13.log",
            "hash": "8f37828bb51fa5cf82534b580970e904"
        },
        {
            "date": 1662790812428,
            "name": "E:\\git_repo\\AKR_ERP_SERVER\\logs\\2022-09-10-11.log",
            "hash": "b018c63bb43b0c88cb78e3f78f96c62d"
        }
    ],
    "hashType": "md5"
}