{
    "keep": {
        "days": true,
        "amount": 14
    },
    "auditLog": "D:\\git_repo\\AKR_ERP_SERVER\\logs\\.7d479a30780d0e9f80d70b1b4659b21090b48f6d-audit.json",
    "files": [
        {
            "date": 1662352926029,
            "name": "D:\\git_repo\\AKR_ERP_SERVER\\logs\\2022-09-05-10.log",
            "hash": "dc2afdab9285d17d009e3c6115de45e8"
        },
        {
            "date": 1662454182784,
            "name": "D:\\git_repo\\AKR_ERP_SERVER\\logs\\2022-09-06-14.log",
            "hash": "63b07d3e3ea3941ad0b506b82539d1ff"
        },
        {
            "date": 1662522035535,
            "name": "D:\\git_repo\\AKR_ERP_SERVER\\logs\\2022-09-07-09.log",
            "hash": "5b507ec19a6f9a561a4c3f75cd053c8a"
        },
        {
            "date": 1662527879916,
            "name": "D:\\git_repo\\AKR_ERP_SERVER\\logs\\2022-09-07-10.log",
            "hash": "3334f6f62fc120bf73fd818434417ed5"
        },
        {
            "date": 1662533070146,
            "name": "D:\\git_repo\\AKR_ERP_SERVER\\logs\\2022-09-07-12.log",
            "hash": "d3b985ad5b7b2eb2f349a43a55902f73"
        },
        {
            "date": 1662551437776,
            "name": "D:\\git_repo\\AKR_ERP_SERVER\\logs\\2022-09-07-17.log",
            "hash": "0ea763b44db74d6b17e6dbfcb9dcc60b"
        },
        {
            "date": 1662608644419,
            "name": "D:\\git_repo\\AKR_ERP_SERVER\\logs\\2022-09-08-09.log",
            "hash": "69a3cc95ad694fb9d438089b5e03447e"
        },
        {
            "date": 1662614177813,
            "name": "D:\\git_repo\\AKR_ERP_SERVER\\logs\\2022-09-08-10.log",
            "hash": "ad01b90642a73e133a0bb1a6e3854ddd"
        },
        {
            "date": 1662694720205,
            "name": "D:\\git_repo\\AKR_ERP_SERVER\\logs\\2022-09-09-09.log",
            "hash": "6514a5b717f918a5394311fe75f5ceca"
        },
        {
            "date": 1662724680203,
            "name": "D:\\git_repo\\AKR_ERP_SERVER\\logs\\2022-09-09-17.log",
            "hash": "b35f27d5a8a050901f53cdda2253ac96"
        },
        {
            "date": 1662781766688,
            "name": "D:\\git_repo\\AKR_ERP_SERVER\\logs\\2022-09-10-09.log",
            "hash": "fa2bb83ad1ef95e5b3d9c0f2f4b2b61e"
        },
        {
            "date": 1662798744527,
            "name": "D:\\git_repo\\AKR_ERP_SERVER\\logs\\2022-09-10-14.log",
            "hash": "46afc255864e56d5275b645d7205ff65"
        }
    ],
    "hashType": "md5"
}