{
    "keep": {
        "days": true,
        "amount": 14
    },
    "auditLog": "D:\\Git\\AKR_ERP_SERVER\\logs\\.ef85c1c2586cd995b5b7770bfc9ef23e4020a885-audit.json",
    "files": [
        {
            "date": 1662382727521,
            "name": "D:\\Git\\AKR_ERP_SERVER\\logs\\2022-09-05-18.log",
            "hash": "acc0472f04380dedea1c72e0f42c9c9d"
        },
        {
            "date": 1662385790651,
            "name": "D:\\Git\\AKR_ERP_SERVER\\logs\\2022-09-05-19.log",
            "hash": "4d0d23ab47696144e28ac4280e77aebf"
        },
        {
            "date": 1662436200271,
            "name": "D:\\Git\\AKR_ERP_SERVER\\logs\\2022-09-06-09.log",
            "hash": "33502523cd082e5b40f0df99105689aa"
        }
    ]
}