{
    "keep": {
        "days": true,
        "amount": 14
    },
    "auditLog": "E:\\git_repo\\AKR_ERP_SERVER\\logs\\.2597bd73abe3c3a7de11a7edf44052a6bb2958fb-audit.json",
    "files": [
        {
            "date": 1640844429974,
            "name": "E:\\git_repo\\AKR_ERP_SERVER\\logs\\2021-12-30-11.log",
            "hash": "6e1ff65b5a5de2670fe106db86ae7d83"
        },
        {
            "date": 1640950865924,
            "name": "E:\\git_repo\\AKR_ERP_SERVER\\logs\\2021-12-31-17.log",
            "hash": "e6117f41c8e5512174155439b4f7ccb0"
        },
        {
            "date": 1641289204914,
            "name": "E:\\git_repo\\AKR_ERP_SERVER\\logs\\2022-01-04-15.log",
            "hash": "2cd0580c5dcad15cf28d687ea09e2240"
        },
        {
            "date": 1641295525388,
            "name": "E:\\git_repo\\AKR_ERP_SERVER\\logs\\2022-01-04-16.log",
            "hash": "c15ee2e62cdc8982f6edd339f5c696ad"
        },
        {
            "date": 1641355855384,
            "name": "E:\\git_repo\\AKR_ERP_SERVER\\logs\\2022-01-05-09.log",
            "hash": "6651f73e0e69a622c59c3ac57bd227e5"
        },
        {
            "date": 1641440293006,
            "name": "E:\\git_repo\\AKR_ERP_SERVER\\logs\\2022-01-06-09.log",
            "hash": "511f2f6001f4c4375009bf1a9d612e98"
        },
        {
            "date": 1641527288368,
            "name": "E:\\git_repo\\AKR_ERP_SERVER\\logs\\2022-01-07-09.log",
            "hash": "5f6f5ba13e579ce9e66eff742e632516"
        },
        {
            "date": 1641546584916,
            "name": "E:\\git_repo\\AKR_ERP_SERVER\\logs\\2022-01-07-14.log",
            "hash": "64a7c22b281abe62f3769fe8f34dc23f"
        },
        {
            "date": 1641635651795,
            "name": "E:\\git_repo\\AKR_ERP_SERVER\\logs\\2022-01-08-15.log",
            "hash": "da6e4d81ec00a273beb488089af8b597"
        },
        {
            "date": 1641638725377,
            "name": "E:\\git_repo\\AKR_ERP_SERVER\\logs\\2022-01-08-16.log",
            "hash": "a49278a42bfc09830eef199528b25c22"
        },
        {
            "date": 1641641873786,
            "name": "E:\\git_repo\\AKR_ERP_SERVER\\logs\\2022-01-08-17.log",
            "hash": "30c2e9ad74bb7a030e960b4fa4b77741"
        },
        {
            "date": 1641786954832,
            "name": "E:\\git_repo\\AKR_ERP_SERVER\\logs\\2022-01-10-09.log",
            "hash": "8045f188813a19b4e2d5b454048d1ed8"
        },
        {
            "date": 1641789409386,
            "name": "E:\\git_repo\\AKR_ERP_SERVER\\logs\\2022-01-10-10.log",
            "hash": "c7292f063f4c2387ebb95803a83ae772"
        },
        {
            "date": 1641808546744,
            "name": "E:\\git_repo\\AKR_ERP_SERVER\\logs\\2022-01-10-15.log",
            "hash": "3767be4db28919a3206aae07344fdabb"
        },
        {
            "date": 1641873167652,
            "name": "E:\\git_repo\\AKR_ERP_SERVER\\logs\\2022-01-11-09.log",
            "hash": "b41f89e97536efbededfd6c1c40ab610"
        },
        {
            "date": 1641877958050,
            "name": "E:\\git_repo\\AKR_ERP_SERVER\\logs\\2022-01-11-10.log",
            "hash": "c4b3cf892ea2703cba14f1aab650f9fe"
        },
        {
            "date": 1641882066937,
            "name": "E:\\git_repo\\AKR_ERP_SERVER\\logs\\2022-01-11-11.log",
            "hash": "bcf6662fd092e4212db3762c20b78ca1"
        },
        {
            "date": 1641883847763,
            "name": "E:\\git_repo\\AKR_ERP_SERVER\\logs\\2022-01-11-12.log",
            "hash": "04d49c0c766302b4ff63e4abb04dc1cd"
        },
        {
            "date": 1641895106757,
            "name": "E:\\git_repo\\AKR_ERP_SERVER\\logs\\2022-01-11-15.log",
            "hash": "78cf10ceea5ce887a97ed96701f58a7c"
        },
        {
            "date": 1641897955476,
            "name": "E:\\git_repo\\AKR_ERP_SERVER\\logs\\2022-01-11-16.log",
            "hash": "c2261158163ed0c48d17fa7a093d4564"
        },
        {
            "date": 1641906399196,
            "name": "E:\\git_repo\\AKR_ERP_SERVER\\logs\\2022-01-11-18.log",
            "hash": "9e2afa712667b6e746785dbfd09ca7b5"
        },
        {
            "date": 1641958965498,
            "name": "E:\\git_repo\\AKR_ERP_SERVER\\logs\\2022-01-12-09.log",
            "hash": "64bb80ac77d36ec19c1a53700fb71fff"
        },
        {
            "date": 1641973951420,
            "name": "E:\\git_repo\\AKR_ERP_SERVER\\logs\\2022-01-12-13.log",
            "hash": "2e88e4d7fa205c1fc02d7fce30b4b415"
        },
        {
            "date": 1641979881429,
            "name": "E:\\git_repo\\AKR_ERP_SERVER\\logs\\2022-01-12-15.log",
            "hash": "2e4af67cba03bd4826880ba35b9e9b62"
        },
        {
            "date": 1641984697824,
            "name": "E:\\git_repo\\AKR_ERP_SERVER\\logs\\2022-01-12-16.log",
            "hash": "b41e729c76d12dda05edb3d2fd17dd9a"
        },
        {
            "date": 1641996406415,
            "name": "E:\\git_repo\\AKR_ERP_SERVER\\logs\\2022-01-12-19.log",
            "hash": "8a9ce55f254d3caba2494b4c02d24f76"
        },
        {
            "date": 1642045803198,
            "name": "E:\\git_repo\\AKR_ERP_SERVER\\logs\\2022-01-13-09.log",
            "hash": "1ca55b11c71ac22f2d69c2636f3ef7f6"
        }
    ]
}